class,line
12,107
12,190
12,279
13,169
13,170
13,174
13,175
13,179
13,180
13,181
13,182
13,183
13,184
13,190
13,191
13,192
13,193
13,194
13,195
13,196
13,197
13,198
13,201
13,203
13,206
13,207
13,209
13,211
13,212
13,214
13,216
13,217
13,219
13,221
13,222
13,224
13,225
13,230
13,231
13,232
13,239
13,241
13,244
13,245
13,246
13,247
13,248
13,249
13,250
13,251
13,252
13,253
13,254
13,255
13,256
13,257
13,259
13,260
13,262
13,263
13,266
13,268
13,269
13,270
13,271
13,273
13,274
13,276
13,277
13,278
13,279
13,280
13,282
13,283
13,285
13,288
13,290
13,292
13,294
13,295
13,299
13,300
13,301
13,303
13,305
13,306
13,310
13,314
13,316
13,317
13,319
13,323
13,324
13,327
13,330
13,331
13,332
13,333
13,336
13,337
13,338
13,340
13,341
13,343
13,344
13,346
13,351
13,352
13,353
13,354
13,355
13,356
13,358
13,359
13,360
13,361
13,362
13,363
13,364
13,365
13,366
13,370
13,372
13,379
13,380
13,381
13,382
13,384
13,392
13,393
13,394
13,395
13,397
13,398
13,399
13,405
13,407
13,415
13,418
13,419
13,600
13,409
13,412
26,245
6,187
